AsOf,Rank,Ticker,Name,Sector,Price,Above200,Change 12m %,Band 20-30%,52w High,52w Low,% off 52w High,Trailing PE,Forward PE,Avg Weekly Range %,Weeks >= 4%,Avg Monthly Range %,Months >= 10%
2026-09-28 22:17:32,1,JPM,JPMorgan Chase,Financials,336.59,True,8.6,False,366.5,279.1,-8.2,14.427346,13.436978,4.59,29.0,9.08,6.0
2026-09-28 22:17:32,2,AMZN,Amazon,Technology,246.15,True,12.1,False,287.2,196.0,-14.3,19.802895,23.498806,6.52,45.0,13.92,9.0
2026-09-28 22:17:32,3,BRK-B,Berkshire Hathaway,Financials,503.09,True,0.9,False,537.74,464.01,-6.4,12.646808,22.66933,3.03,7.0,5.91,0.0
2026-09-28 22:17:32,4,GOOGL,Alphabet,Technology,342.75,True,39.7,False,408.61,235.84,-16.1,17.214968,22.741539,6.45,46.0,14.39,10.0
2026-09-28 22:17:32,5,MSFT,Microsoft,Technology,509.22,True,-1.6,False,553.72,349.2,-8.0,28.353008,21.507965,6.18,40.0,12.59,8.0
2026-09-28 22:17:32,6,BAC,Bank of America,Financials,55.47,False,9.5,False,65.23,46.12,-15.0,12.810624,10.490225,4.78,35.0,10.11,6.0
2026-09-28 22:17:32,7,AAPL,Apple,Technology,338.4,True,31.2,False,345.34,243.42,-2.0,38.762886,35.303875,5.01,31.0,10.45,7.0
2026-09-28 22:17:32,8,XOM,ExxonMobil,Energy,162.52,False,43.5,False,176.41,110.39,-7.9,20.916346,14.673167,5.4,41.0,11.77,8.0
2026-09-28 22:17:32,9,WFC,Wells Fargo,Financials,80.81,False,0.2,False,97.76,72.78,-17.3,11.745639,10.1653805,5.48,40.0,10.91,8.0
2026-09-28 22:17:32,10,UNH,UnitedHealth,Healthcare,377.83,True,4.9,False,461.62,255.97,-18.2,24.297749,16.710608,6.42,41.0,13.47,10.0
2026-09-28 22:17:32,11,NVDA,Nvidia,Technology,228.86,True,22.0,True,236.54,164.27,-3.2,28.96962,14.593216,7.77,50.0,15.31,11.0
2026-09-28 22:17:32,12,META,Meta Platforms,Technology,715.62,True,0.7,False,779.82,520.26,-8.2,26.973991,20.46584,8.13,49.0,17.69,11.0
2026-09-28 22:17:32,13,C,Citigroup,Financials,131.31,False,34.3,False,147.96,93.66,-11.3,14.149785,10.171334,6.12,43.0,12.19,7.0
2026-09-28 22:17:32,14,GS,Goldman Sachs,Financials,916.28,True,16.0,False,1153.99,740.01,-20.6,14.155415,12.461472,6.17,45.0,11.44,10.0
2026-09-28 22:17:32,15,MS,Morgan Stanley,Financials,193.64,False,22.9,True,232.25,151.84,-16.6,15.628733,14.221818,5.8,40.0,10.66,8.0
2026-09-28 22:17:32,16,CVX,Chevron,Energy,206.37,True,34.4,False,217.78,146.49,-5.2,19.84327,14.354896,4.77,32.0,10.78,7.0
2026-09-28 22:17:32,17,WMT,Walmart,Consumer,108.73,False,6.5,False,135.16,98.88,-19.6,39.25271,33.668064,5.24,36.0,9.59,6.0
2026-09-28 22:17:32,18,V,Visa,Financials,367.74,True,5.1,False,385.57,293.89,-4.6,31.270407,24.508974,4.11,25.0,8.6,4.0
2026-09-28 22:17:32,19,MA,Mastercard,Financials,568.26,True,-2.1,False,601.23,464.52,-5.5,31.223076,24.680334,4.35,27.0,8.66,4.0
2026-09-28 22:17:32,20,HD,Home Depot,Consumer,289.89,True,-26.6,False,410.95,289.1,-29.5,20.272028,18.090088,5.45,45.0,10.56,8.0
2026-09-28 22:17:32,21,JNJ,Johnson & Johnson,Healthcare,271.95,True,44.2,False,281.07,179.8,-3.2,31.548725,22.404846,4.57,32.0,9.36,5.0
2026-09-28 22:17:32,22,LLY,Eli Lilly,Healthcare,1184.78,True,41.1,False,1292.65,716.08,-8.3,39.731056,24.937683,7.18,47.0,13.98,11.0
2026-09-28 22:17:32,23,ABBV,AbbVie,Healthcare,266.28,True,13.8,False,269.39,190.75,-1.2,75.00845,16.351114,5.66,39.0,11.25,8.0
2026-09-28 22:17:32,24,MRK,Merck,Healthcare,148.69,False,66.7,False,156.92,78.03,-5.2,118.952,15.597333,6.1,43.0,12.59,8.0
2026-09-28 22:17:32,25,PFE,Pfizer,Healthcare,28.72,False,4.9,False,29.21,23.62,-1.7,37.789474,9.91425,4.83,31.0,8.9,5.0
2026-09-28 22:17:32,26,CI,Cigna,Healthcare,271.83,True,-12.6,False,315.47,239.51,-13.8,11.241935,8.132971,5.8,43.0,11.04,8.0
2026-09-28 22:17:32,27,ELV,Elevance Health,Healthcare,394.59,True,12.6,False,436.24,274.84,-9.5,17.444296,13.358019,6.78,44.0,13.61,11.0
2026-09-28 22:17:32,28,CVS,CVS Health,Healthcare,87.85,False,13.4,False,110.68,69.51,-20.6,23.179419,10.300527,6.19,42.0,12.76,8.0
2026-09-28 22:17:32,29,MCK,McKesson,Healthcare,856.29,True,16.0,False,999.0,723.68,-14.3,22.956837,16.985,5.72,40.0,12.06,9.0
2026-09-28 22:17:32,30,COR,Cencora,Healthcare,303.81,True,0.3,False,377.54,244.82,-19.5,22.554565,15.323731,5.79,39.0,12.37,9.0
2026-09-28 22:17:32,31,CAH,Cardinal Health,Healthcare,220.29,True,42.6,False,258.3,150.78,-14.7,30.51108,15.670025,5.83,36.0,13.32,9.0
2026-09-28 22:17:32,32,COST,Costco,Consumer,922.92,True,0.8,False,1096.5,844.06,-15.8,44.456646,36.949272,4.36,27.0,8.3,3.0
2026-09-28 22:17:32,33,PG,Procter & Gamble,Consumer,149.03,False,-2.1,False,167.25,137.62,-10.9,22.512085,20.139324,4.01,22.0,7.77,4.0
2026-09-28 22:17:32,34,ORCL,Oracle,Technology,132.6,False,-53.7,False,322.54,114.5,-58.9,20.783699,12.057626,12.05,51.0,26.16,12.0
2026-09-28 22:17:32,35,IBM,IBM,Technology,220.67,True,-23.5,False,332.46,199.19,-33.6,19.61511,16.783886,8.37,47.0,17.95,10.0
2026-09-28 22:17:32,36,AVGO,Broadcom,Technology,349.57,True,3.3,False,495.0,289.96,-29.4,44.53121,18.036411,9.13,52.0,18.66,12.0
2026-09-28 22:17:32,37,CSCO,Cisco,Technology,106.74,False,57.2,False,130.37,66.81,-18.1,32.054054,18.98653,6.04,37.0,12.95,8.0
2026-09-28 22:17:32,38,TSLA,Tesla,Consumer,357.45,True,-16.8,False,498.83,297.38,-28.3,330.97223,165.2673,8.59,51.0,15.95,11.0
2026-09-28 22:17:32,39,INTC,Intel,Technology,116.03,False,215.0,False,142.35,32.89,-18.5,,56.26843,14.93,53.0,35.89,12.0
2026-09-28 22:17:32,40,AMD,AMD,Technology,607.87,True,269.1,False,639.0,159.33,-4.9,155.46547,39.02033,13.02,52.0,33.1,12.0
2026-09-28 22:17:32,41,QCOM,Qualcomm,Technology,187.48,False,10.8,False,259.92,121.99,-27.9,21.426285,18.42164,10.04,47.0,24.26,12.0
2026-09-28 22:17:32,42,TXN,Texas Instruments,Technology,278.31,True,54.3,False,334.03,152.73,-16.7,42.23217,26.145037,7.46,47.0,16.84,12.0
2026-09-28 22:17:32,43,MU,Micron,Technology,1053.98,True,461.1,False,1255.0,159.97,-16.0,23.807995,6.579717,14.88,53.0,38.27,12.0
2026-09-28 22:17:32,44,CRM,Salesforce,Technology,227.27,True,-5.4,False,269.11,146.32,-15.5,20.79323,14.198394,9.11,51.0,19.33,12.0
2026-09-28 22:17:32,45,ADBE,Adobe,Technology,231.01,True,-33.4,False,363.7,190.12,-36.5,12.891183,8.347763,8.29,49.0,17.07,11.0
2026-09-28 22:17:32,46,NFLX,Netflix,Technology,69.23,False,-40.0,False,124.86,65.08,-44.6,21.770441,18.15526,7.05,49.0,14.91,11.0
2026-09-28 22:17:32,47,CMCSA,Comcast,Media,21.79,False,-24.8,False,32.86,21.28,-33.7,6.983975,6.093605,6.42,41.0,13.69,11.0
2026-09-28 22:17:32,48,DIS,Disney,Media,105.59,False,-6.1,False,117.09,92.19,-9.8,21.771133,14.113574,4.85,32.0,9.24,5.0
2026-09-28 22:17:32,49,VZ,Verizon,Telecom,46.68,False,6.9,False,51.68,38.39,-9.7,12.15625,8.840139,5.01,31.0,10.49,8.0
2026-09-28 22:17:32,50,T,AT&T,Telecom,24.9,False,-8.0,False,29.44,19.89,-15.4,8.217822,9.688641,5.49,36.0,12.19,7.0
2026-09-28 22:17:32,51,TMUS,T-Mobile US,Telecom,166.45,False,-27.7,False,240.95,161.14,-30.9,17.411087,11.529307,5.99,41.0,11.28,7.0
2026-09-28 22:17:32,52,SCHW,Charles Schwab,Financials,98.3,False,4.5,False,114.53,83.96,-14.2,17.905283,12.553557,5.04,38.0,9.8,7.0
2026-09-28 22:17:32,53,BLK,BlackRock,Financials,1071.25,True,-7.7,False,1219.94,917.39,-12.2,25.68329,16.663635,5.41,39.0,10.78,8.0
2026-09-28 22:17:32,54,AXP,American Express,Financials,306.33,True,-7.2,False,387.49,290.97,-20.9,18.576712,15.181694,5.16,37.0,10.96,8.0
2026-09-28 22:17:32,55,USB,US Bancorp,Financials,58.78,False,22.3,True,66.08,45.02,-11.0,11.732534,10.143857,4.68,32.0,9.3,4.0
2026-09-28 22:17:32,56,PNC,PNC Financial,Financials,223.67,True,12.7,False,258.96,176.88,-13.6,12.31663,10.438845,4.81,32.0,9.82,6.0
2026-09-28 22:17:32,57,TFC,Truist,Financials,47.09,False,3.4,False,56.2,40.78,-16.2,10.825288,9.442645,5.08,33.0,10.04,8.0
2026-09-28 22:17:32,58,COF,Capital One,Financials,196.46,False,-8.4,False,259.64,174.24,-24.3,11.055712,8.245331,6.13,46.0,12.83,10.0
2026-09-28 22:17:32,59,BK,BNY Mellon,Financials,,False,,,,,,,,,,,
2026-09-28 22:17:32,60,PGR,Progressive,Insurance,209.47,True,-14.7,False,248.17,189.2,-15.6,10.510286,0.20698617,5.46,40.0,10.86,6.0
2026-09-28 22:17:32,61,CB,Chubb,Insurance,331.37,True,16.7,False,365.91,265.3,-9.4,11.734065,11.386037,3.93,22.0,7.51,3.0
2026-09-28 22:17:32,62,TRV,Travelers,Insurance,363.16,True,27.6,True,398.7,252.26,-8.9,9.759743,11.995253,4.45,26.0,9.66,4.0
2026-09-28 22:17:32,63,ALL,Allstate,Insurance,227.55,True,7.9,False,277.22,188.08,-17.9,4.556468,8.202787,5.09,35.0,10.93,7.0
2026-09-28 22:17:32,64,MET,MetLife,Insurance,95.82,False,16.3,False,100.93,67.33,-5.1,18.356323,8.764893,4.86,30.0,9.8,7.0
2026-09-28 22:17:32,65,PRU,Prudential Financial,Insurance,116.09,False,11.6,False,127.72,91.89,-9.1,10.524932,7.812384,4.77,33.0,9.3,6.0
2026-09-28 22:17:32,66,AIG,AIG,Insurance,72.78,False,,,87.29,71.25,-16.6,13.281022,8.283152,,,9.32,4.0
2026-09-28 22:17:32,67,COP,ConocoPhillips,Energy,126.04,False,33.9,False,141.62,85.57,-11.0,16.671957,13.046364,6.19,46.0,13.06,11.0
2026-09-28 22:17:32,68,PSX,Phillips 66,Energy,253.55,True,90.6,False,277.12,126.74,-8.5,14.472032,10.163037,6.78,49.0,14.8,11.0
2026-09-28 22:17:32,69,MPC,Marathon Petroleum,Energy,389.44,True,101.6,False,431.08,161.93,-9.7,13.498787,8.262361,7.59,49.0,16.93,12.0
2026-09-28 22:17:32,70,VLO,Valero,Energy,389.57,True,142.9,False,419.04,155.29,-7.0,16.2524,10.240947,7.62,49.0,16.14,12.0
2026-09-28 22:17:32,71,EOG,EOG Resources,Energy,140.63,False,26.9,True,154.16,101.59,-8.8,10.935459,9.424732,5.98,43.0,12.31,10.0
2026-09-28 22:17:32,72,OXY,Occidental,Energy,56.1,False,25.1,True,67.45,38.8,-16.8,16.548672,13.925088,7.18,47.0,16.32,11.0
2026-09-28 22:17:32,73,SLB,Schlumberger,Energy,51.49,False,50.3,False,60.46,31.64,-14.8,25.117075,15.904149,7.51,47.0,16.86,11.0
2026-09-28 22:17:32,74,GE,GE Aerospace,Industrials,318.24,True,7.2,False,388.84,268.91,-18.2,37.572605,35.023502,6.45,47.0,13.71,10.0
2026-09-28 22:17:32,75,CAT,Caterpillar,Industrials,819.95,True,64.7,False,1073.46,467.46,-23.6,35.266666,25.324812,7.6,50.0,16.38,9.0
2026-09-28 22:17:32,76,DE,Deere,Industrials,689.59,True,49.0,False,721.22,433.0,-4.4,38.268036,30.188282,6.53,46.0,12.94,11.0
2026-09-28 22:17:32,77,RTX,RTX,Industrials,187.66,False,12.7,False,226.88,155.64,-17.3,33.038734,23.9015,5.21,34.0,10.94,8.0
2026-09-28 22:17:32,78,BA,Boeing,Industrials,184.39,False,-14.8,False,254.35,176.77,-27.5,66.56679,44.008,6.46,45.0,13.79,11.0
2026-09-28 22:17:32,79,LMT,Lockheed Martin,Industrials,518.1,True,2.7,False,692.0,437.25,-25.1,19.103981,15.817851,5.63,38.0,,
2026-09-28 22:17:32,80,NOC,Northrop Grumman,Industrials,505.8,True,-17.0,False,774.0,479.02,-34.7,16.08267,16.610853,5.45,35.0,11.61,8.0
2026-09-28 22:17:32,81,HON,Honeywell,Industrials,211.52,True,2.4,False,260.28317,195.86786,-18.7,8.129131,21.386093,5.49,37.0,11.32,8.0
2026-09-28 22:17:32,82,UNP,Union Pacific,Industrials,274.1,True,15.8,False,315.99,215.53,-13.3,22.194332,19.336834,4.4,24.0,9.73,5.0
2026-09-28 22:17:32,83,UPS,UPS,Industrials,94.25,False,8.6,False,122.41,82.0,-23.0,17.518587,11.67971,5.63,38.0,12.18,8.0
2026-09-28 22:17:32,84,FDX,FedEx,Industrials,289.65,True,47.0,False,345.37,180.99113,-16.1,15.614555,13.885753,5.95,45.0,12.14,11.0
2026-09-28 22:17:32,85,ETN,Eaton,Industrials,431.41,True,15.5,False,478.0,311.92,-9.7,43.976555,26.766342,7.52,51.0,14.94,12.0
2026-09-28 22:17:32,86,KO,Coca-Cola,Consumer,87.18,False,30.8,False,92.49,65.35,-5.7,26.180182,24.720903,3.75,20.0,7.75,3.0
2026-09-28 22:17:32,87,PEP,PepsiCo,Consumer,128.5,False,-9.5,False,171.48,126.721,-25.1,16.841415,14.358891,4.48,29.0,8.83,7.0
2026-09-28 22:17:32,88,PM,Philip Morris,Consumer,193.76,False,26.4,True,207.76,142.11,-6.7,26.615383,21.081997,6.1,43.0,11.25,8.0
2026-09-28 22:17:32,89,MO,Altria,Consumer,69.13,False,5.2,False,77.06,54.7,-10.3,14.553683,11.788821,5.04,30.0,9.89,5.0
2026-09-28 22:17:32,90,MDLZ,Mondelez,Consumer,60.18,False,-4.0,False,66.65,51.2,-9.7,22.043957,17.909756,4.88,31.0,8.87,6.0
2026-09-28 22:17:32,91,LOW,Lowe's,Consumer,187.66,False,-23.8,False,293.06,186.3,-36.0,15.86306,14.404227,5.53,45.0,10.66,8.0
2026-09-28 22:17:32,92,TGT,Target,Consumer,158.43,False,78.0,False,170.75,83.44,-7.2,16.434647,16.593437,6.66,46.0,13.25,11.0
2026-09-28 22:17:32,93,NEE,NextEra Energy,Utilities,75.49,False,-5.7,False,98.75,75.12,-23.6,16.964045,17.18177,4.4,31.0,8.85,5.0
2026-09-28 22:17:32,94,DUK,Duke Energy,Utilities,113.41,False,-8.2,False,134.49,112.52,-15.7,17.07982,15.814273,3.51,16.0,6.44,1.0
2026-09-28 22:17:32,95,SO,Southern Company,Utilities,82.35,False,-12.9,False,100.84,81.91,-18.3,19.843372,16.7238,3.73,21.0,7.21,1.0
2026-09-28 22:17:32,96,GILD,Gilead,Healthcare,152.21,False,35.1,False,157.29,108.46,-3.2,,15.39168,5.63,43.0,10.83,7.0
2026-09-28 22:17:32,97,BMY,Bristol Myers Squibb,Healthcare,63.88,False,40.6,False,68.64,42.52,-6.9,14.070485,9.730626,5.22,32.0,10.4,7.0
2026-09-28 22:17:32,98,AMGN,Amgen,Healthcare,418.13,True,40.4,False,447.03,270.67,-6.5,25.986948,17.102152,5.67,36.0,11.41,8.0
2026-09-28 22:17:32,99,TMO,Thermo Fisher,Healthcare,678.6,True,24.9,True,682.98,435.27,-0.6,36.5625,24.637875,6.43,41.0,12.9,10.0
2026-09-28 22:17:32,100,HCA,HCA Healthcare,Healthcare,432.6,True,0.7,False,556.52,353.99,-22.3,14.497319,13.512071,6.45,44.0,13.71,12.0
