AsOf,Ticker,Name,Country,Price,Change,Change %,Volume,Market cap,52 week price % Change,Region
2026-10-06 20:59:25,OPCH,"Option Care Health, Inc.",United States,31.0,7.63,32.65,65043852.0,4643342848.0,-13.8,
2026-10-06 20:59:25,CIEN,Ciena Corporation,United States,443.65,53.96,13.85,6364928.0,62913351680.0,157.26,
2026-10-06 20:59:25,TLN,Talen Energy Corporation,United States,373.11,41.24,12.43,2815298.0,17648101376.0,-23.01,
2026-10-06 20:59:25,CTVA,"Corteva, Inc.",United States,13.91,1.52,12.27,44975206.0,9280696320.0,-81.12,
2026-10-06 20:59:25,CEG,Constellation Energy Corporatio,United States,300.4,32.78,12.25,13174284.0,106433937408.0,-25.28,
2026-10-06 20:59:25,VST,Vistra Corp.,United States,160.5,15.61,10.77,17985738.0,53869449216.0,-27.42,
2026-10-06 20:59:25,MIR,"Mirion Technologies, Inc.",United States,16.27,1.35,9.05,5567848.0,4051923968.0,-35.5,
2026-10-06 20:59:25,FTAI,FTAI Aviation Ltd.,United States,179.44,14.74,8.95,2077205.0,18429759488.0,-3.61,
2026-10-06 20:59:25,LEU,Centrus Energy Corp.,United States,153.88,12.44,8.8,1403447.0,3147324416.0,-61.78,
2026-10-06 20:59:25,AGX,"Argan, Inc.",United States,419.64,31.9,8.23,568428.0,5887482880.0,44.39,
2026-10-06 20:59:25,UEC,Uranium Energy Corp.,United States,10.11,0.76,8.13,16185355.0,5010360832.0,-30.95,
2026-10-06 20:59:25,ASTS,"AST SpaceMobile, Inc.",United States,63.12,4.68,8.01,17512267.0,24564250624.0,-21.82,
2026-10-06 20:59:25,DAO,"Youdao, Inc.",China,16.87,1.24,7.93,23279.0,2035106304.0,53.84,
2026-10-06 20:59:25,AERO,"Grupo Aeromexico, S.A.B. de C.V",Mexico,16.73,1.21,7.8,413683.0,2440963840.0,-23.73,
2026-10-06 20:59:25,FN,Fabrinet,Cayman Islands,489.16,35.32,7.78,1442921.0,17528981504.0,22.6,
2026-10-06 20:59:25,STRL,"Sterling Infrastructure, Inc.",United States,563.69,40.36,7.71,632092.0,17242441728.0,50.14,
2026-10-06 20:59:25,BWXT,"BWX Technologies, Inc.",United States,145.7,10.35,7.65,1920069.0,13349322752.0,-29.28,
2026-10-06 20:59:25,ALAB,"Astera Labs, Inc.",United States,389.8,27.46,7.58,6487832.0,67624493056.0,70.83,
2026-10-06 20:59:25,NOK,Nokia Corporation Sponsored,Finland,10.97,0.77,7.55,87136527.0,61417136128.0,101.18,
2026-10-06 20:59:25,LW,"Lamb Weston Holdings, Inc.",United States,47.91,3.34,7.49,8373452.0,6586817536.0,-29.6,
2026-10-06 20:59:25,NBIS,Nebius Group N.V.,Netherlands,249.87,17.3,7.44,21263376.0,67928465408.0,97.6,
2026-10-06 20:59:25,MYRG,"MYR Group, Inc.",United States,324.51,21.86,7.22,278190.0,5052377600.0,53.76,
2026-10-06 20:59:25,OKLO,Oklo Inc.,United States,38.55,2.58,7.17,16648242.0,7170980352.0,-73.18,
2026-10-06 20:59:25,INTR,Inter & Co. Inc.,Brazil,7.03,0.47,7.16,11593460.0,3103839744.0,-24.6,
2026-10-06 20:59:25,AAOI,"Applied Optoelectronics, Inc.",United States,130.16,8.59,7.07,12283585.0,11051403264.0,287.97,
2026-10-06 20:59:25,NRG,"NRG Energy, Inc.",United States,103.6,6.8,7.02,4611905.0,21777805312.0,-40.47,
2026-10-06 20:59:25,PL,Planet Labs PBC,United States,18.57,1.21,6.97,15588162.0,6756657152.0,10.71,
2026-10-06 20:59:25,MTSI,MACOM Technology Solutions Hold,United States,350.67,22.37,6.81,1540414.0,26780993536.0,156.54,
2026-10-06 20:59:25,NTSK,"Netskope, Inc.",United States,19.64,1.22,6.62,10584546.0,8024663040.0,-16.39,
2026-10-06 20:59:25,SEI,"Solaris Energy Infrastructure, ",United States,79.7,4.95,6.62,3082920.0,8019920384.0,69.69,
2026-10-06 20:59:25,VSAT,"ViaSat, Inc.",United States,74.38,4.59,6.58,2210213.0,10246277120.0,123.04,
2026-10-06 20:59:25,CCJ,Cameco Corporation,Canada,93.02,5.55,6.35,5952720.0,40513277952.0,1.18,
2026-10-06 20:59:25,NXT,Nextpower Inc.,United States,88.09,5.12,6.17,3189680.0,13534002176.0,6.99,
2026-10-06 20:59:25,FIX,"Comfort Systems USA, Inc.",United States,1817.96,104.89,6.12,439719.0,63981879296.0,109.8,
2026-10-06 20:59:25,GLW,Corning Incorporated,United States,168.97,9.6,6.02,8836066.0,145548787712.0,87.36,
2026-10-06 20:59:25,GDS,GDS Holdings Limited,China,31.03,1.74,5.94,3701707.0,6217717760.0,-21.89,
2026-10-06 20:59:25,DY,"Dycom Industries, Inc.",United States,290.43,16.02,5.84,524471.0,8759646208.0,-4.15,
2026-10-06 20:59:25,EME,"EMCOR Group, Inc.",United States,824.52,45.32,5.82,412315.0,36369494016.0,15.77,
2026-10-06 20:59:25,MRVL,"Marvell Technology, Inc.",United States,287.01,15.76,5.81,50944923.0,257937227776.0,211.89,
2026-10-06 20:59:25,PENG,"Penguin Solutions, Inc.",United States,64.21,3.5,5.77,14022537.0,3290293760.0,124.85,
2026-10-06 20:59:25,XP,XP Inc.,Cayman Islands,29.73,1.58,5.61,23097774.0,15086279680.0,71.02,
2026-10-06 20:59:25,SOLS,Solstice Advanced Materials Inc,United States,61.27,3.21,5.53,2599801.0,9732578304.0,19.96,
2026-10-06 20:59:25,BB,BlackBerry Limited,Canada,9.58,0.5,5.51,21589113.0,5623769088.0,95.27,
2026-10-06 20:59:25,PRIM,Primoris Services Corporation,United States,84.97,4.4,5.46,1756077.0,4610041856.0,-41.32,
2026-10-06 20:59:25,LUNR,"Intuitive Machines, Inc.",United States,15.06,0.77,5.39,11926892.0,2430879232.0,21.2,
2026-10-06 20:59:25,PENN,"PENN Entertainment, Inc.",United States,15.91,0.81,5.36,3286586.0,2134573312.0,-15.78,
2026-10-06 20:59:25,PWR,"Quanta Services, Inc.",United States,719.56,36.14,5.29,1085123.0,108181094400.0,62.14,
2026-10-06 20:59:25,TAC,TransAlta Corporation,Canada,13.12,0.65,5.21,1203506.0,4149856000.0,-16.87,
2026-10-06 20:59:25,ECG,"Everus Construction Group, Inc.",United States,132.74,6.57,5.21,415741.0,6775263232.0,52.71,
2026-10-06 20:59:25,EXTR,"Extreme Networks, Inc.",United States,24.54,1.21,5.19,1712550.0,3243469056.0,16.36,
2026-10-06 20:59:25,ZS,"Zscaler, Inc.",United States,212.25,10.45,5.18,4225020.0,34608361472.0,-31.07,
2026-10-06 20:59:25,BWA,BorgWarner Inc.,United States,63.36,3.1,5.14,3560157.0,12904300544.0,42.19,
2026-10-06 20:59:25,WING,Wingstop Inc.,United States,112.2,5.36,5.02,1405479.0,3056613632.0,-56.32,
2026-10-06 20:59:25,RCL,Royal Caribbean Cruises Ltd.,United States,288.78,13.75,5.0,2345131.0,77234814976.0,-12.62,
2026-10-06 20:59:25,CRWV,"CoreWeave, Inc.",United States,91.72,4.33,4.95,31050720.0,50586935296.0,-32.17,
2026-10-06 20:59:25,SBAC,SBA Communications Corporation,United States,169.7,7.88,4.87,1186100.0,18003152896.0,-14.17,
2026-10-06 20:59:25,LGN,Legence Corp.,United States,56.34,2.55,4.74,856942.0,9255814144.0,68.09,
2026-10-06 20:59:25,BEPC,Brookfield Renewable Corporatio,United States,29.65,1.33,4.7,2425849.0,5504312832.0,-25.65,
2026-10-06 20:59:25,CSCO,"Cisco Systems, Inc.",United States,117.94,5.12,4.54,20932736.0,464988700672.0,63.53,
2026-10-06 20:59:25,CRK,"Comstock Resources, Inc.",United States,13.65,0.59,4.52,2467249.0,4007920384.0,-40.12,
2026-10-06 20:59:25,PEG,Public Service Enterprise Group,United States,71.73,3.05,4.44,8616017.0,35751669760.0,-14.7,
2026-10-06 20:59:25,SMR,NuScale Power Corporation,United States,8.02,0.34,4.43,44270393.0,3291324160.0,-80.41,
2026-10-06 20:59:25,PVH,PVH Corp.,United States,78.21,3.31,4.42,818125.0,3608439808.0,-10.23,
2026-10-06 20:59:25,AAON,"AAON, Inc.",United States,88.07,3.72,4.41,987710.0,7261691904.0,-18.14,
2026-10-06 20:59:25,SUN,Sunoco LP,United States,72.96,3.07,4.39,468736.0,13746674688.0,47.34,
2026-10-06 20:59:25,ADSK,"Autodesk, Inc.",United States,231.28,9.72,4.39,2160760.0,48337518592.0,-29.48,
2026-10-06 20:59:25,KGS,"Kodiak Gas Services, Inc.",United States,55.89,2.33,4.35,1474330.0,5650704384.0,55.16,
2026-10-06 20:59:25,CAR,"Avis Budget Group, Inc.",United States,112.65,4.67,4.32,386666.0,3979446016.0,-27.64,
2026-10-06 20:59:25,NCLH,Norwegian Cruise Line Holdings ,United States,15.51,0.64,4.3,24916677.0,7122003456.0,-37.78,
2026-10-06 20:59:25,BEP,Brookfield Renewable Partners L,Canada,29.42,1.2,4.25,1668253.0,14311960576.0,1.33,
2026-10-06 20:59:25,MTN,"Vail Resorts, Inc.",United States,145.2,5.9,4.24,660718.0,5174244864.0,-8.42,
2026-10-06 20:59:25,CWEN,"Clearway Energy, Inc.",United States,30.73,1.21,4.1,1737250.0,7579124224.0,-4.71,
2026-10-06 20:59:25,ANET,"Arista Networks, Inc.",United States,215.36,8.46,4.09,6854425.0,271617359872.0,42.4,
2026-10-06 20:59:25,FRSH,Freshworks Inc.,United States,13.76,0.54,4.08,18441548.0,3590269952.0,18.25,
2026-10-06 20:59:25,UUUU,Energy Fuels Inc,United States,11.26,0.44,4.07,8953228.0,2981350400.0,-38.49,
2026-10-06 20:59:25,DIOD,Diodes Incorporated,United States,107.74,4.21,4.07,950489.0,4961610240.0,102.88,
2026-10-06 20:59:25,MTZ,"MasTec, Inc.",United States,228.3,8.9,4.06,1270448.0,18333618176.0,3.01,
2026-10-06 20:59:25,KTOS,Kratos Defense & Security Solut,United States,43.71,1.69,4.02,5129532.0,8205299200.0,-59.48,
2026-10-06 20:59:25,AAP,Advance Auto Parts Inc.,United States,41.24,1.59,4.01,1360427.0,2490896128.0,-30.24,
2026-10-06 20:59:25,CCL,Carnival Corporation Ltd.,United States,26.58,1.02,3.99,23906312.0,35739738112.0,-10.97,
2026-10-06 20:59:25,LEN,Lennar Corporation,United States,77.41,2.97,3.99,6453771.0,18415857664.0,-39.05,
2026-10-06 20:59:25,CX,"Cemex, S.A.B. de C.V. Sponsored",Mexico,9.92,0.38,3.98,13021057.0,14314088448.0,4.84,
2026-10-06 20:59:25,NXE,Nexgen Energy Ltd.,Canada,9.43,0.36,3.97,6633295.0,6322872832.0,2.14,
2026-10-06 20:59:25,NVT,nVent Electric plc,United Kingdom,173.8,6.63,3.97,2572213.0,28130910208.0,74.14,
2026-10-06 20:59:25,GEV,GE Vernova Inc.,United States,1029.21,39.21,3.96,2513310.0,274113183744.0,63.33,
2026-10-06 20:59:25,FLEX,Flex Ltd.,United States,121.38,4.62,3.96,2701237.0,44845109248.0,103.95,
2026-10-06 20:59:25,DELL,Dell Technologies Inc.,United States,574.0,21.71,3.93,5375892.0,364956516352.0,266.07,
2026-10-06 20:59:25,CRDO,Credo Technology Group Holding ,Cayman Islands,220.83,8.35,3.93,6875621.0,41505423360.0,54.87,
2026-10-06 20:59:25,ONON,On Holding AG,Switzerland,33.13,1.25,3.92,11142222.0,11072532480.0,-23.57,
2026-10-06 20:59:25,GNRC,Generac Holdlings Inc.,United States,223.62,8.42,3.91,1026018.0,13207876608.0,28.9,
2026-10-06 20:59:25,FTNT,"Fortinet, Inc.",United States,191.27,7.14,3.88,4201215.0,140337414144.0,116.83,
2026-10-06 20:59:25,MOD,Modine Manufacturing Company,United States,189.91,7.0,3.83,1706624.0,10086634496.0,22.09,
2026-10-06 20:59:25,DG,Dollar General Corporation,United States,123.27,4.54,3.82,2592319.0,27195430912.0,23.81,
2026-10-06 20:59:25,LITE,Lumentum Holdings Inc.,United States,1133.4,41.73,3.82,4235503.0,101665980416.0,594.67,
2026-10-06 20:59:25,ROAD,"Construction Partners, Inc.",United States,93.89,3.39,3.75,642438.0,5328779264.0,-25.69,
2026-10-06 20:59:25,BIPC,Brookfield Infrastructure Corpo,United States,37.72,1.36,3.74,1152185.0,4640148480.0,-18.18,
2026-10-06 20:59:25,IRM,Iron Mountain Incorporated (Del,United States,116.5,4.17,3.71,1227609.0,34682376192.0,6.08,
2026-10-06 20:59:25,SKE,Skeena Resources Limited,Canada,31.35,1.11,3.67,400833.0,3933255936.0,72.11,
2026-10-06 20:59:25,AVGO,Broadcom Inc.,United States,375.81,13.3,3.67,30558645.0,1793977876480.0,7.76,
2026-10-06 20:59:25,RUM,RUM Group Inc.,United States,7.65,0.27,3.66,3245551.0,3060145920.0,-6.23,
2026-10-06 20:59:25,TRMB,Trimble Inc.,United States,60.95,2.14,3.64,2624632.0,14212311040.0,-25.84,
2026-10-06 20:59:25,STUB,"StubHub Holdings, Inc.",United States,5.73,0.2,3.62,4940729.0,2189375488.0,-68.16,
2026-10-06 20:59:25,MXL,"MaxLinear, Inc",United States,109.3,3.81,3.61,2348995.0,9912766464.0,576.65,
2026-10-06 20:59:25,MP,MP Materials Corp.,United States,48.53,1.69,3.61,4307268.0,8643269632.0,-36.51,
2026-10-06 20:59:25,UTG,53270,United States,36.56,1.27,3.6,439829.0,3342613248.0,-13.01,
2026-10-06 20:59:25,TSEM,Tower Semiconductor Ltd.,Israel,258.41,8.84,3.54,2369340.0,29208403968.0,246.24,
2026-10-06 20:59:25,SHAK,"Shake Shack, Inc.",United States,64.61,2.21,3.54,1631381.0,2764113920.0,-32.87,
2026-10-06 20:59:25,BKD,Brookdale Senior Living Inc.,United States,10.9,0.37,3.51,4562915.0,2603107840.0,30.16,
2026-10-06 20:59:25,BSY,"Bentley Systems, Incorporated",United States,35.97,1.22,3.51,2997547.0,10866281472.0,-33.87,
2026-10-06 20:59:25,CHH,"Choice Hotels International, In",United States,103.06,3.48,3.49,567765.0,4688765440.0,-1.78,
2026-10-06 20:59:25,RRC,Range Resources Corporation,United States,40.02,1.35,3.49,2885769.0,9351854080.0,-1.75,
2026-10-06 20:59:25,BIP,Brookfield Infrastructure Partn,Bermuda,37.43,1.26,3.48,893910.0,29638008832.0,4.48,
2026-10-06 20:59:25,POWL,"Powell Industries, Inc.",United States,204.69,6.85,3.46,484136.0,7457381376.0,89.46,
2026-10-06 20:59:25,BSBR,Banco Santander Brasil SA,Brazil,5.98,0.2,3.46,8181104.0,44775415808.0,9.89,
2026-10-06 20:59:25,MORN,"Morningstar, Inc.",United States,195.69,6.53,3.45,285014.0,7341030912.0,-16.39,
2026-10-06 20:59:25,FIGS,"FIGS, Inc.",United States,14.1,0.47,3.45,3894118.0,2342577408.0,94.44,
2026-10-06 20:59:25,BFAM,Bright Horizons Family Solution,United States,66.42,2.21,3.44,653509.0,3230356736.0,-35.53,
2026-10-06 20:59:25,RMBS,"Rambus, Inc.",United States,114.09,3.79,3.44,1268973.0,12374383616.0,13.9,
2026-10-06 20:59:25,SNPS,"Synopsys, Inc.",United States,505.17,16.7,3.42,2736136.0,96809082880.0,2.23,
2026-10-06 20:59:25,HUT,Hut 8 Corp.,United States,92.22,2.95,3.3,5668086.0,11366988800.0,113.92,
2026-10-06 20:59:25,AZO,"AutoZone, Inc.",United States,2898.57,90.84,3.24,284852.0,46878572544.0,-31.28,
2026-10-06 20:59:25,LUMN,"Lumen Technologies, Inc. Common Stock",United States,5.9,0.19,3.23,11177624.0,6090684928.0,-18.67,
2026-10-06 20:59:25,PANW,"Palo Alto Networks, Inc.",United States,419.91,13.15,3.23,5434926.0,343486398464.0,92.74,
2026-10-06 20:59:25,SITE,"SiteOne Landscape Supply, Inc.",United States,90.47,2.81,3.21,1032300.0,3949503488.0,-28.83,
2026-10-06 20:59:25,FUTU,Futu Holdings Limited,Hong Kong,113.21,3.51,3.2,1210077.0,15871418368.0,-35.82,
2026-10-06 20:59:25,ALGT,Allegiant Travel Company,United States,77.54,2.4,3.19,445032.0,2119769600.0,20.96,
2026-10-06 20:59:25,BE,Bloom Energy Corporation,United States,295.78,9.13,3.19,12254304.0,87115300864.0,233.08,
2026-10-06 20:59:25,ASH,Ashland Inc.,United States,70.97,2.19,3.18,1078295.0,3249955328.0,44.83,
2026-10-06 20:59:25,RRX,Regal Rexnord Corporation,United States,166.36,5.1,3.16,1501669.0,11074513920.0,12.02,
2026-10-06 20:59:25,NU,Nu Holdings Ltd.,Brazil,15.66,0.48,3.16,96185456.0,75648581632.0,33.05,
2026-10-06 20:59:25,RPM,RPM International Inc.,United States,98.31,3.01,3.16,2604001.0,12542793728.0,-15.48,
2026-10-06 20:59:25,SII,Sprott Inc.,Canada,119.41,3.65,3.15,149810.0,3072739072.0,33.07,
2026-10-06 20:59:25,CNX,CNX Resources Corporation,United States,33.24,1.0,3.1,2219407.0,4917646336.0,-3.96,
2026-10-06 20:59:25,HPE,Hewlett Packard Enterprise Comp,United States,70.48,2.12,3.1,16315818.0,93559726080.0,174.43,
2026-10-06 20:59:25,MH,"McGraw Hill, Inc.",United States,12.98,0.39,3.1,495261.0,2483188224.0,6.79,
2026-10-06 20:59:25,CGNX,Cognex Corporation,United States,66.35,1.98,3.08,1905962.0,11161651200.0,40.09,
2026-10-06 20:59:25,EHC,Encompass Health Corporation,United States,124.69,3.72,3.08,1274227.0,12301090816.0,-3.38,
2026-10-06 20:59:25,LAZ,"Lazard, Inc.",United States,36.36,1.08,3.06,1913875.0,3543302912.0,-29.28,
2026-10-06 20:59:25,AVAV,"AeroVironment, Inc.",United States,143.54,4.24,3.04,1570211.0,7294803456.0,-64.75,
2026-10-06 20:59:25,TPL,Texas Pacific Land Corporation,United States,355.16,10.49,3.04,392457.0,24497047552.0,7.75,
2026-10-06 20:59:25,TPC,Tutor Perini Corporation,United States,89.06,2.63,3.04,429650.0,4685865472.0,40.29,
2026-10-06 20:59:25,SNAP,Snap Inc.,United States,5.78,0.17,3.03,32503104.0,9775123456.0,-31.0,
